蜃ｺ蜈ｸURL,逡･隱・隱ｭ縺ｿ莉ｮ蜷・豁｣蠑丞錐遘ｰ,隱ｭ縺ｿ莉ｮ蜷・諢丞袖,險伜・閠・
https://www.okitell365.jp/column/02gyoumu.html,繧｢繧ｺ繝弱・繝ｫ,,,,謔｣驛ｨ繧剃ｿ晁ｭｷ縺礼ｎ逞・ｒ謚代∴繧玖ｻ溯・縲よ律譛ｬ譁ｰ阮ｬ遉ｾ陬ｽ騾縲ょ酔縺俶・蛻・・縺・′縺・脈繧ゅ≠繧九′蝨ｨ螳・現逋ゅ・迴ｾ蝣ｴ縺ｧ縺ｯ霆溯・繧呈欠縺吶％縺ｨ縺悟､壹＞縲・蜀・伐
https://www.okitell365.jp/column/02gyoumu.html,繧｢繝翫ヵ繧｣繝ｩ繧ｭ繧ｷ繝ｼ繧ｷ繝ｧ繝・け,,,,繧｢繝ｬ繝ｫ繧ｮ繝ｼ蜿榊ｿ懊↓繧医▲縺ｦ縲∬｡蝨ｧ繧・э隴倥・菴惹ｸ九ｒ襍ｷ縺薙☆縺薙→縲・蜀・伐
https://www.okitell365.jp/column/02gyoumu.html,繧｢繝翫Β繝・,,,逞・ｭｴ縺ｮ縺薙→縲ゅ◎縺ｮ莉悶↓ADL閾ｪ遶句ｺｦ繧・ｮｶ譌乗ｧ区・縲∫ｷ頑･騾｣邨｡蜈医↑縺ｩ蟷・ｺ・＞謔｣閠・ュ蝣ｱ繧貞性繧蝣ｴ蜷医ｂ縺ゅｋ縲・蜀・伐
https://www.okitell365.jp/column/02gyoumu.html,鄂ｨ豕・縺ゅｓ縺ｽ縺・,,逞・憾・育李縺ｿ縺ｪ縺ｩ・峨ｒ邱ｩ蜥後☆繧九◆繧√↓菴薙・荳驛ｨ繧呈ｸｩ繧√◆繧雁・繧・＠縺溘ｊ縺吶ｋ縺薙→縲よｸｩ繧√ｋ縺薙→繧偵梧ｸｩ鄂ｨ豕包ｼ医♀繧薙≠繧薙⊃縺・ｼ峨阪∝・繧・☆縺薙→繧偵悟・鄂ｨ豕包ｼ医ｌ縺・≠繧薙⊃縺・ｼ峨阪→縺・≧縲・蜀・伐
https://www.okitell365.jp/column/02gyoumu.html,閭・ｮ区ｸ｣,縺・＊繧薙＆,,,閭・・荳ｭ縺ｫ縺ゅｋ鬟溘∋迚ｩ縺ｮ谿九ｊ縲ら払縺励※縲瑚ャ谿具ｼ医＞縺悶ｓ・峨阪→繧ゅ＞縺・・蜀・伐
https://www.okitell365.jp/column/02gyoumu.html,諢剰ｭ倥Ξ繝吶Ν,,,,諢剰ｭ倬囿螳ｳ縺ｮ遞句ｺｦ縲・CS繧ЖCS縺ｨ縺・≧繧ｹ繧ｱ繝ｼ繝ｫ縺ｧ陦ｨ迴ｾ縺輔ｌ繧九・蜀・伐
https://www.okitell365.jp/column/02gyoumu.html,遘ｻ荵暦ｼ医＞縺倥ｇ縺・ｼ・,,,繝吶ャ繝峨°繧芽ｻ翫＞縺吶∬ｻ翫＞縺吶°繧我ｾｿ蠎ｧ縺ｪ縺ｩ縺ｫ荵励ｊ遘ｻ繧九％縺ｨ縲・蜀・伐
https://www.okitell365.jp/column/02gyoumu.html,蛹ｻ逋ょ女邨ｦ閠・ｨｼ,,,,謔｣閠・＆繧薙′蜈ｬ雋ｻ雋諡・現逋ょ宛蠎ｦ縺ｮ邨ｦ莉倥ｒ蜿励￠繧玖ｳ・ｼ縺後≠繧九％縺ｨ繧堤､ｺ縺吶◆繧√・險ｼ譏取嶌縲・蜀・伐
https://www.okitell365.jp/column/02gyoumu.html,閭・仆,縺・ｍ縺・,,閻ｹ驛ｨ縺ｫ蟆上＆縺ｪ遨ｴ繧帝幕縺代√メ繝･繝ｼ繝悶〒閭・↓譬・､翫ｒ豕ｨ蜈･縺吶ｋ縺薙→縲ゅ後・繧ｰ縲阪→蜻ｼ縺ｶ縺薙→繧ゅ≠繧九・蜀・伐
https://www.okitell365.jp/column/02gyoumu.html,髯｢螟門・譁ｹ,,,,險ｺ蟇溘ｒ蜿励￠縺溷現逋よｩ滄未縺ｧ蜃ｦ譁ｹ邂九ｒ繧ゅｉ縺・∬ｪｿ蜑､阮ｬ螻縺ｧ阮ｬ繧貞女縺大叙繧九％縺ｨ縲・蜀・伐
https://www.okitell365.jp/column/02gyoumu.html,繧､繝ｳ繧ｹ繝ｪ繝ｳ,,,,繧､繝ｳ繧ｹ繝ｪ繝ｳ縺ｨ縺ｯ閹ｵ閾薙°繧牙・豕後＆繧後ｋ陦邉悶ｒ荳九￡繧九・繝ｫ繝｢繝ｳ縺ｧ縺吶′縲∝現逋ゅ・迴ｾ蝣ｴ縺ｧ菴ｿ繧上ｌ繧句ｴ蜷医・邉門ｰｿ逞・〒菴ｿ逕ｨ縺吶ｋ陦邉悶ｒ荳九￡繧九◆繧√・阮ｬ・域ｳｨ蟆・ｼ峨ｒ謖・＠縺ｾ縺吶・蜀・伐
https://www.okitell365.jp/column/02gyoumu.html,蜥ｽ鬆ｭ,縺・ｓ縺ｨ縺・,,荳闊ｬ逧・↓縲後・縺ｩ縲阪→險繧上ｌ縺ｦ縺・ｋ驛ｨ蛻・・蜀・伐
https://www.okitell365.jp/column/02gyoumu.html,髯｢蜀・・譁ｹ,,,,險ｺ蟇溘ｒ蜿励￠縺溷現逋よｩ滄未蜀・・阮ｬ螻縺ｧ阮ｬ繧貞女縺大叙繧九％縺ｨ縲・蜀・伐
https://www.okitell365.jp/column/02gyoumu.html,繧ｨ繧｢繝槭ャ繝・,,,菴馴㍾縺檎音螳壹・蝣ｴ謇縺ｫ髮・ｸｭ縺励↑縺・ｈ縺・・謨｣縺輔○繧区ｩ溯・繧呈戟縺､繝槭ャ繝医・縺薙→縲り､･逖｡・亥ｺ翫★繧鯉ｼ峨・莠磯亟縺ｧ菴ｿ縺・・蜀・伐
https://www.okitell365.jp/column/02gyoumu.html,閻狗ｪｩ,縺医″縺・,,繧上″縺ｮ荳九・縺上⊂繧薙◆謇縲・蜀・伐
https://www.okitell365.jp/column/02gyoumu.html,螢頑ｭｻ,縺医＠,,,陦豸ｲ縺瑚｡後″繧上◆繧峨↑縺上↑縺｣縺ｦ邏ｰ閭槭′豁ｻ繧薙〒縺励∪縺・％縺ｨ縲・蜀・伐
https://www.okitell365.jp/column/02gyoumu.html,螢顔命,縺医◎,,,陦豸ｲ縺瑚｡後″繧上◆繧峨↑縺上↑縺｣縺ｦ邏ｰ閭槭′豁ｻ繧薙〒縺励∪縺・悟｣頑ｭｻ縲阪′襍ｷ縺薙▲縺溘≠縺ｨ縺ｫ縺昴・驛ｨ蛻・′鮟偵ｄ鮟・牡縺ｫ螟牙喧縺励※縺励∪縺・憾諷九・蜀・伐
https://www.okitell365.jp/column/02gyoumu.html,蝴･荳具ｼ医∴繧薙￡・・,,,鬟溘∋迚ｩ繧帝｣ｲ縺ｿ霎ｼ縺ｿ縲∬ャ縺ｫ騾√ｋ蜍穂ｽ懊・蜀・伐
https://www.okitell365.jp/column/02gyoumu.html,繧ｨ繝ｳ繧ｼ繝ｫ繧ｱ繧｢,,,,豁ｻ蠕後↓陦後≧蜃ｦ鄂ｮ繧・Γ繧､繧ｯ縺ｪ縺ｩ縺ｮ繧ｱ繧｢縲・蜀・伐
https://www.okitell365.jp/column/02gyoumu.html,莉玖ｭｷ莨第･ｭ邨ｦ莉伜宛蠎ｦ,,,,螳ｶ譌上・莉玖ｭｷ縺ｧ莨第･ｭ縺吶ｋ髫帙∫ｵｦ譁吶・67・・′謾ｯ邨ｦ縺輔ｌ繧句宛蠎ｦ縲・蜀・伐
https://www.okitell365.jp/column/02gyoumu.html,莉玖ｭｷ邨ｦ莉・,,,隕∽ｻ玖ｭｷ隱榊ｮ壹ｒ蜿励￠縺滉ｺｺ縺悟茜逕ｨ縺ｧ縺阪ｋ繧ｵ繝ｼ繝薙せ縲・蜀・伐
https://www.okitell365.jp/column/02gyoumu.html,莉玖ｭｷ謾ｯ謠ｴ蟆る摩蜩｡・上こ繧｢繝槭ロ繝ｼ繧ｸ繝｣繝ｼ,,,,繧ｱ繧｢繝励Λ繝ｳ菴懈・繧・ｻ玖ｭｷ繧ｵ繝ｼ繝薙せ縺ｮ隱ｿ謨ｴ繧定｡後≧蟆る摩閨ｷ縲・蜀・伐
https://www.okitell365.jp/column/02gyoumu.html,莉玖ｭｷ繧ｿ繧ｯ繧ｷ繝ｼ,,,,霆頑､・ｭ舌ｄ繧ｹ繝医Ξ繝・メ繝｣繝ｼ縺ｮ縺ｾ縺ｾ荵苓ｻ翫〒縺阪ｋ縲∬ｦ∽ｻ玖ｭｷ閠・髄縺代・繧ｿ繧ｯ繧ｷ繝ｼ縲・蜀・伐
https://www.okitell365.jp/column/02gyoumu.html,莉玖ｭｷ莉倥″譛画侭閠∽ｺｺ繝帙・繝・乗怏譁・,,,24譎る俣莉玖ｭｷ繧ｹ繧ｿ繝・ヵ縺悟ｸｸ鬧舌＠縲∬ｺｫ縺ｮ蝗槭ｊ縺ｮ荳冶ｩｱ縺悟女縺代ｉ繧後ｋ譁ｽ險ｭ縲・蜀・伐
https://www.okitell365.jp/column/02gyoumu.html,隕∽ｻ玖ｭｷ蠎ｦ・丈ｻ玖ｭｷ蠎ｦ,,,,譌･蟶ｸ逕滓ｴｻ縺ｫ縺ｩ縺ｮ遞句ｺｦ縺ｮ莉玖ｭｷ縺悟ｿ・ｦ√°繧・谿ｵ髫弱〒陦ｨ縺励◆繧ゅ・縲・蜀・伐
https://www.okitell365.jp/column/02gyoumu.html,隕∽ｻ玖ｭｷ隱榊ｮ夲ｼ丈ｻ玖ｭｷ隱榊ｮ・,,,蜈ｬ逧・ｻ玖ｭｷ菫晞匱繧ｵ繝ｼ繝薙せ縺ｮ蛻ｩ逕ｨ縺ｫ蠢・ｦ√↑隱榊ｮ壹・蜀・伐
https://www.okitell365.jp/column/02gyoumu.html,莉玖ｭｷ菫晞匱陲ｫ菫晞匱閠・ｨｼ・丈ｻ玖ｭｷ菫晞匱險ｼ,,,,莉玖ｭｷ菫晞匱蛻ｶ蠎ｦ縺ｮ蛻ｩ逕ｨ縺ｫ蠢・ｦ√↑菫晞匱險ｼ縲・蜀・伐
https://www.okitell365.jp/column/02gyoumu.html,莉玖ｭｷ菫晞匱雋諡・牡蜷郁ｨｼ,,,,謇蠕励↓蠢懊§縺溯・蟾ｱ雋諡・牡蜷医ｒ遏･繧峨○繧玖ｨｼ譖ｸ縲・蜀・伐
https://www.okitell365.jp/column/02gyoumu.html,莉玖ｭｷ閠∽ｺｺ遖冗･画命險ｭ・冗音鬢・,,,遉ｾ莨夂ｦ冗･画ｳ穂ｺｺ縺ｪ縺ｩ縺碁°蝟ｶ縺吶ｋ蜈ｬ逧・↑隕∽ｻ玖ｭｷ鬮倬ｽ｢閠・命險ｭ縲・蜀・伐
https://www.okitell365.jp/column/02gyoumu.html,莉玖ｭｷ閠∽ｺｺ菫晏▼譁ｽ險ｭ・剰∝▼,,,,蝨ｨ螳・ｾｩ蟶ｰ繧堤岼謖・＠繝ｪ繝上ン繝ｪ繧偵Γ繧､繝ｳ縺ｫ陦後≧譁ｽ險ｭ縲・蜀・伐
https://www.okitell365.jp/column/02gyoumu.html,蜥ｳ蝸ｽ・医′縺・◎縺・ｼ・,,,蜥ｳ・医○縺搾ｼ峨・縺薙→縲・蜀・伐
https://www.okitell365.jp/column/02gyoumu.html,莉玖ｭｷ隱榊ｮ夊ｪｿ譟ｻ蜩｡,,,,隕∽ｻ玖ｭｷ隱榊ｮ壹・縺溘ａ縺ｫ閨槭″蜿悶ｊ隱ｿ譟ｻ繧貞ｮ滓命縺吶ｋ莠ｺ縲・蜀・伐
https://www.okitell365.jp/column/02gyoumu.html,蛹門ｭｦ逋よｳ包ｼ上こ繝｢,,,,謚励′繧灘王豐ｻ逋ゅ・縺薙→縲・蜀・伐
https://www.okitell365.jp/column/02gyoumu.html,迚・ｺｻ逞ｺ・医°縺溘∪縺ｲ・上∈繧薙∪縺ｲ・・,,,菴薙・蟾ｦ蜿ｳ縺ｩ縺｡繧峨°縺ｫ鮗ｻ逞ｺ縺檎函縺倥※縺・ｋ迥ｶ諷九・蜀・伐
https://www.okitell365.jp/column/02gyoumu.html,繧ｫ繝・・繝・Ν,,,,豐ｻ逋ゅｄ讀懈渊縺ｮ縺溘ａ縺ｫ菴灘・縺ｫ謖ｿ蜈･縺吶ｋ邏ｰ縺・ｮ｡縲・蜀・伐
https://www.okitell365.jp/column/02gyoumu.html,繧ｫ繝・・繝・Ν繝√ャ繝・,,,邨檎ｮ｡譬・､翫〒菴ｿ逕ｨ縺吶ｋ縲∝・遶ｯ縺悟､ｪ縺・・､雁王豕ｨ蜈･逕ｨ縺ｮ豕ｨ蟆・勣縲・蜀・伐
https://www.okitell365.jp/column/02gyoumu.html,繧ｫ繝九Η繝ｼ繝ｬ・上き繝後Λ,,,,蜻ｼ蜷ｸ縺ｮ陬懷勧繧・脈豸ｲ豕ｨ蜈･縺ｪ縺ｩ縺ｮ縺溘ａ縺ｫ謖ｿ蜈･縺吶ｋ邂｡縲・蜀・伐
https://www.okitell365.jp/column/02gyoumu.html,繧ｫ繝・,,,繝√Η繝ｼ繝悶・蜈育ｫｯ縺ｫ縺ゅｋ縲∫ｩｺ豌玲ｼ上ｌ繧帝亟縺舌◆繧√・鬚ｨ闊ｹ縲・蜀・伐
https://www.okitell365.jp/column/02gyoumu.html,逵ｼ閼ゑｼ医′繧薙＠・・,,,逶ｮ繧・↓縺ｮ縺薙→縲・蜀・伐
https://www.okitell365.jp/column/02gyoumu.html,諢滓ュ螟ｱ遖・,,,諢滓ュ繧偵さ繝ｳ繝医Ο繝ｼ繝ｫ縺ｧ縺阪★縲・℃蠎ｦ縺ｫ豕｣縺・◆繧頑偵▲縺溘ｊ縺吶ｋ迥ｶ諷九・蜀・伐
https://www.okitell365.jp/column/02gyoumu.html,謔｣蛛ｴ・医°繧薙◎縺擾ｼ・,,,髫懷ｮｳ繧・ｺｻ逞ｺ縺後≠繧句・縺ｮ霄ｫ菴薙ょ渚蟇ｾ蛛ｴ縺ｯ縲悟▼蛛ｴ・医￠繧薙◎縺擾ｼ峨阪・蜀・伐
https://www.okitell365.jp/column/02gyoumu.html,https://www.okitell365.jp/column/02gyoumu.html,,,,菴薙ｄ蠢・・縺､繧峨＆繧貞柱繧峨￡繧九◆繧√・蛹ｻ逋ゅｄ繧ｱ繧｢縲・蜀・伐
https://www.okitell365.jp/column/02gyoumu.html,https://www.okitell365.jp/column/02gyoumu.html,,,,蝟峨ｒ蛻・幕縺励※豌礼ｮ｡繧ｫ繝九Η繝ｼ繝ｬ繧貞・繧後∝他蜷ｸ繧貞勧縺代ｋ蜃ｦ鄂ｮ縲・蜀・伐
https://www.okitell365.jp/column/02gyoumu.html,https://www.okitell365.jp/column/02gyoumu.html,,,,阮ｬ蜑､蟶ｫ縺悟現蟶ｫ縺ｫ蜃ｦ譁ｹ蜀・ｮｹ縺ｫ縺､縺・※蝠上＞蜷医ｏ縺帙ｋ縺薙→縲・蜀・伐
https://www.okitell365.jp/column/02gyoumu.html,襍ｷ蝮蝉ｽ搾ｼ医″縺悶＞・・,,,繝・・繝悶Ν縺ｪ縺ｩ縺ｫ繧ゅ◆繧後°縺九▲縺ｦ蠎ｧ繧翫∝他蜷ｸ繧呈･ｽ縺ｫ縺吶ｋ菴灘兇縲・蜀・伐
https://www.okitell365.jp/column/02gyoumu.html,蜷ｸ蠑・,,,鮠ｻ繧・哩縺ｮ逞ｰ・医◆繧難ｼ峨ｒ繝√Η繝ｼ繝悶〒蜷ｸ縺・・縺吶％縺ｨ縲・蜀・伐
https://www.okitell365.jp/column/02gyoumu.html,莉ｰ閾･菴搾ｼ医℃繧・≧縺後＞・・,,,莉ｰ蜷代￠縺ｮ菴灘兇縲・蜀・伐
https://www.okitell365.jp/column/02gyoumu.html,螻・ｮ・ｻ玖ｭｷ謾ｯ謠ｴ莠区･ｭ謇,,,,繧ｱ繧｢繝槭ロ繝ｼ繧ｸ繝｣繝ｼ縺梧園螻槭＠縲√こ繧｢繝励Λ繝ｳ菴懈・縺ｪ縺ｩ繧定｡後≧莠区･ｭ謇縲・蜀・伐
https://www.okitell365.jp/column/02gyoumu.html,螻・ｮ・し繝ｼ繝薙せ險育判・上こ繧｢繝励Λ繝ｳ,,,,莉玖ｭｷ縺ｮ逶ｮ讓吶ｄ蜀・ｮｹ繧定ｨ倥＠縺溘・繝ｩ繝ｳ縲・蜀・伐
https://www.okitell365.jp/column/02gyoumu.html,遲玖ｉ豕ｨ蟆・ｼ冗ｭ区ｳｨ・医″繧薙■繧・≧・・,,,遲玖ｉ縺ｫ逶ｴ謗･豕ｨ蟆・☆繧区婿豕輔・蜀・伐
https://www.okitell365.jp/column/02gyoumu.html,蛹ｺ蛻・髪邨ｦ髯仙ｺｦ蝓ｺ貅夜｡・,,,莉玖ｭｷ蠎ｦ縺ｫ蠢懊§縺ｦ謾ｯ邨ｦ縺輔ｌ繧倶ｿ晞匱邨ｦ莉倥・譛磯俣荳企剞鬘阪・蜀・伐
https://www.okitell365.jp/column/02gyoumu.html,繧ｰ繝ｪ繝ｼ繝輔こ繧｢,,,,豁ｻ蛻･繧堤ｵ碁ｨ薙＠謔ｲ蝌・↓縺ゅｋ莠ｺ繧偵し繝昴・繝医☆繧九こ繧｢縲・蜀・伐
https://www.okitell365.jp/column/02gyoumu.html,繧ｰ繝ｫ繝ｼ繝励・繝ｼ繝,,,,隱咲衍逞・ｫ倬ｽ｢閠・↑縺ｩ縺悟ｰる摩繧ｹ繧ｿ繝・ヵ縺ｮ謾ｯ謠ｴ縺ｮ繧ゅ→蜈ｱ蜷檎函豢ｻ縺吶ｋ蝣ｴ縲・蜀・伐
https://www.okitell365.jp/column/02gyoumu.html,邨檎ｮ｡譬・､・,,,繝√Η繝ｼ繝悶ｒ菴ｿ縺・∬ャ繧・・縺ｫ逶ｴ謗･譬・､翫ｒ豕ｨ蜈･縺吶ｋ譁ｹ豕輔・蜀・伐
https://www.okitell365.jp/column/02gyoumu.html,蛯ｾ逵・医￠縺・∩繧難ｼ・,,,霆ｽ縺・絢豼縺ｧ諢剰ｭ倥ｒ蜿悶ｊ謌ｻ縺咏ｨ句ｺｦ縺ｮ諢剰ｭ倬囿螳ｳ縲・蜀・伐
https://www.okitell365.jp/column/02gyoumu.html,繧ｲ繝ｼ繧ｸ・・・・,,,驥昴・螟ｪ縺輔ｒ陦ｨ縺吝腰菴阪よ焚蟄励′螟ｧ縺阪＞縺ｻ縺ｩ邏ｰ縺・・蜀・伐
https://www.okitell365.jp/column/02gyoumu.html,繧ｱ繝ｼ繧ｹ繧ｫ繝ｳ繝輔ぃ繝ｬ繝ｳ繧ｹ,,,,繧医ｊ濶ｯ縺・こ繧｢繧呈署萓帙☆繧九◆繧√・莠倶ｾ区､懆ｨ惹ｼ壹・蜀・伐
https://www.okitell365.jp/column/02gyoumu.html,荳玖｡・医￡縺代▽・・,,,縺翫＠繧翫°繧峨・蜃ｺ陦縲・蜀・伐
https://www.okitell365.jp/column/02gyoumu.html,陦諤ｧ・医￠縺｣縺帙＞・・,,,謗貞・迚ｩ縺ｫ陦豸ｲ縺梧ｷｷ縺悶▲縺ｦ縺・ｋ迥ｶ諷九・蜀・伐
https://www.okitell365.jp/column/02gyoumu.html,陦邉匁ｸｬ螳壼勣,,,,蠕ｮ驥上・陦豸ｲ縺九ｉ陦邉門､繧呈ｸｬ螳壹☆繧区ｩ溷勣縲・蜀・伐
https://www.okitell365.jp/column/02gyoumu.html,讀應ｽ難ｼ医￠繧薙◆縺・ｼ・,,,讀懈渊縺ｮ縺溘ａ縺ｫ謗｡蜿悶＆繧後◆蟆ｿ繧・｡豸ｲ縺ｪ縺ｩ縲・蜀・伐
https://www.okitell365.jp/column/02gyoumu.html,隕句ｽ楢ｭ倬囿螳ｳ,,,,譌･譎ゅｄ蝣ｴ謇縺後ｏ縺九ｉ縺ｪ縺上↑縺｣縺ｦ縺励∪縺・憾諷九・蜀・伐
https://www.okitell365.jp/column/02gyoumu.html,繧ｳ繧｢繧ｰ繝ｩ,,,,陦豸ｲ縺悟崋縺ｾ縺｣縺溘ｂ縺ｮ縲・蜀・伐
https://www.okitell365.jp/column/02gyoumu.html,隱､鬟ｲ・医＃縺・ｓ・・,,,鬟ｲ縺ｿ霎ｼ繧薙〒縺ｯ縺・￠縺ｪ縺・ｂ縺ｮ繧帝俣驕輔∴縺ｦ鬟ｲ縺ｿ霎ｼ繧縺薙→縲・蜀・伐
https://www.okitell365.jp/column/02gyoumu.html,隱､蝴･・医＃縺医ｓ・・,,,鬟溘∋迚ｩ縺ｪ縺ｩ縺瑚ｪ､縺｣縺ｦ豌礼ｮ｡縺ｫ蜈･繧九％縺ｨ縲・蜀・伐
https://www.okitell365.jp/column/02gyoumu.html,隱､蝴･諤ｧ閧ｺ轤・,,,鬟溘∋迚ｩ縺ｪ縺ｩ縺梧ｰ礼ｮ｡縺ｫ蜈･繧翫∬ぜ轤弱ｒ襍ｷ縺薙☆縺薙→縲・蜀・伐
https://www.okitell365.jp/column/02gyoumu.html,鬮倬｡咲凾鬢願ｲｻ蛻ｶ蠎ｦ,,,,縺ｲ縺ｨ譛医・蛹ｻ逋りｲｻ縺御ｸ螳夐｡阪ｒ雜・∴縺溷ｴ蜷医↓謇輔＞謌ｻ縺輔ｌ繧句宛蠎ｦ縲・蜀・伐
https://www.okitell365.jp/column/02gyoumu.html,蠕梧悄鬮倬ｽ｢閠・現逋ゆｿ晞匱,,,,75豁ｳ莉･荳翫・蜈ｨ縺ｦ縺ｮ莠ｺ縺悟刈蜈･縺吶ｋ蛹ｻ逋ょ宛蠎ｦ縲・蜀・伐
https://www.okitell365.jp/column/02gyoumu.html,謚怜次讀懈渊,,,,繧ｦ繧､繝ｫ繧ｹ迚ｹ譛峨・縺溘ｓ縺ｱ縺剰ｳｪ縺後≠繧九°隱ｿ縺ｹ繧九∫樟蝨ｨ縺ｮ諢滓沒繧堤｢ｺ隱阪☆繧区､懈渊縲・蜀・伐
https://www.okitell365.jp/column/02gyoumu.html,謚嶺ｽ捺､懈渊,,,,驕主悉縺ｮ諢滓沒繧・Ρ繧ｯ繝√Φ縺ｫ繧医ｋ謚嶺ｽ薙・譛臥┌繧定ｪｿ縺ｹ繧区､懈渊縲・蜀・伐
https://www.okitell365.jp/column/02gyoumu.html,諡倡ｸｮ・医％縺・＠繧・￥・・,,,髟ｷ譛滄俣蜍輔°縺輔↑縺・％縺ｨ縺ｧ髢｢遽縺悟崋縺ｾ繧翫∝虚縺阪′謔ｪ縺上↑繧九％縺ｨ縲・蜀・伐
https://www.okitell365.jp/column/02gyoumu.html,蜈ｬ雋ｻ,,,,蝗ｽ繧・慍譁ｹ閾ｪ豐ｻ菴薙′蛹ｻ逋りｲｻ繧定ｲ諡・ｼ亥勧謌撰ｼ峨☆繧句宛蠎ｦ縲・蜀・伐
https://www.okitell365.jp/column/02gyoumu.html,繧ｳ繝｡繝・ぅ繧ｫ繝ｫ,,,,蛹ｻ蟶ｫ繧帝勁縺丞現逋ょｾ謎ｺ玖・・邱冗ｧｰ縲・蜀・伐
https://www.okitell365.jp/column/02gyoumu.html,繧ｵ繝ｼ繝輔Ο繝ｼﾂｮ,,,,轤ｹ貊ｴ縺ｧ髟ｷ譎る俣陦邂｡蜀・↓逡咏ｽｮ縺ｧ縺阪ｋ豕ｨ蟆・・・磯撕閼育蕗鄂ｮ驥晢ｼ峨・蜀・伐
https://www.okitell365.jp/column/02gyoumu.html,繧ｵ繝ｼ繝薙せ諡・ｽ楢・ｼ夊ｭｰ・上し諡・,,,螟夊・遞ｮ縺碁｣謳ｺ縺励こ繧｢縺ｮ譁ｹ驥昴ｒ隧ｱ縺怜粋縺・ｼ夊ｭｰ縲・蜀・伐
https://www.okitell365.jp/column/02gyoumu.html,繧ｵ繝ｼ繝薙せ莉倥″鬮倬ｽ｢閠・髄縺台ｽ丞ｮ・ｼ上し鬮倅ｽ・,,,螳牙凄遒ｺ隱阪↑縺ｩ縺悟女縺代ｉ繧後ｋ繝舌Μ繧｢繝輔Μ繝ｼ縺ｮ鬮倬ｽ｢閠・ｽ丞ｮ・・蜀・伐
https://www.okitell365.jp/column/02gyoumu.html,蝮蝉ｽ搾ｼ医＊縺・ｼ・,,,蠎ｧ縺｣縺ｦ縺・ｋ蟋ｿ蜍｢縲・蜀・伐
https://www.okitell365.jp/column/02gyoumu.html,蜀崎ｨｺ・医＆縺・＠繧難ｼ・,,,2蝗樒岼莉･髯阪・險ｺ蟇溘・蜀・伐
https://www.okitell365.jp/column/02gyoumu.html,蝨ｨ螳・・邏逋よｳ・,,,閾ｪ螳・↑縺ｩ縺ｧ驟ｸ邏萓帷ｵｦ讖溷勣繧剃ｽｿ逕ｨ縺励※驟ｸ邏繧貞精蜈･縺吶ｋ豐ｻ逋ゅ・蜀・伐
https://www.okitell365.jp/column/02gyoumu.html,蝨ｨ螳・凾鬢願ｨ育判譖ｸ,,,,逋る､頑婿驥昴ｄ謔｣閠・・迥ｶ諷九ｒ險倥＠縺滓嶌鬘橸ｼ亥酔諢乗嶌繧ょ・縺ｭ繧具ｼ峨・蜀・伐
https://www.okitell365.jp/column/02gyoumu.html,蝨ｨ螳・凾鬢頑髪謠ｴ險ｺ逋よ園・丞惠謾ｯ險ｺ,,,,24譎る俣365譌･縺ｮ蠕險ｺ菴灘宛縺ｪ縺ｩ荳螳壼渕貅悶ｒ貅縺溘☆險ｺ逋よ園縲・蜀・伐
https://www.okitell365.jp/column/02gyoumu.html,閾ｪ蟾ｱ蟆主ｰｿ,,,,謔｣閠・・霄ｫ縺ｧ蟆ｿ驕薙°繧芽・閭ｱ縺ｫ邂｡繧貞・繧後∝ｰｿ繧呈賜蜃ｺ縺吶ｋ譁ｹ豕輔・蜀・伐
https://www.okitell365.jp/column/02gyoumu.html,閾ｪ蟾ｱ雋諡・ｸ企剞鬘咲ｮ｡逅・･ｨ・城剞蠎ｦ鬘崎｡ｨ,,,,蜈ｬ雋ｻ蟇ｾ雎｡謔｣閠・・閾ｪ蟾ｱ雋諡・｡阪ｒ邂｡逅・☆繧九◆繧√・陦ｨ縲・蜀・伐
https://www.okitell365.jp/column/02gyoumu.html,遉ｾ莨夂ｦ冗･牙｣ｫ,,,,遖冗･峨↓髢｢縺吶ｋ逶ｸ隲・ｄ謠ｴ蜉ｩ繧定｡後≧蝗ｽ螳ｶ雉・ｼ菫晄戟閠・・蜀・伐
https://www.okitell365.jp/column/02gyoumu.html,荳ｻ豐ｻ蛹ｻ諢剰ｦ区嶌,,,,莉玖ｭｷ隱榊ｮ壹↑縺ｩ縺ｮ縺溘ａ縺ｫ蛹ｻ蟶ｫ縺御ｽ懈・縺吶ｋ蛹ｻ蟄ｦ逧・э隕区嶌縲・蜀・伐
https://www.okitell365.jp/column/02gyoumu.html,謇玖レ・医＠繧・・縺・ｼ・,,,謇九・逕ｲ縲・蜀・伐
https://www.okitell365.jp/column/02gyoumu.html,蟆剰ｦ乗ｨ｡螟壽ｩ溯・蝙句ｱ・ｮ・ｻ玖ｭｷ・丞ｰ丞､壽ｩ・,,,險ｪ蝠上・騾壽園繝ｻ螳ｿ豕翫ｒ邨・∩蜷医ｏ縺帙※蛻ｩ逕ｨ縺ｧ縺阪ｋ譁ｽ險ｭ縲・蜀・伐
https://www.okitell365.jp/column/02gyoumu.html,髱呎ｳｨ・医§繧・≧縺｡繧・≧・・,,,髱呵ц豕ｨ蟆・・逡･縲・蜀・伐
https://www.okitell365.jp/column/02gyoumu.html,繧ｷ繝ｧ繝ｼ繝医せ繝・う,,,,遏ｭ譛滄俣蜈･謇縺励※譌･蟶ｸ逕滓ｴｻ縺ｮ荳冶ｩｱ繧・ｨ鍋ｷｴ繧貞女縺代ｋ繧ｵ繝ｼ繝薙せ縲・蜀・伐
https://www.okitell365.jp/column/02gyoumu.html,隍･逖｡・医§繧・￥縺昴≧・・,,,蠎翫★繧後る聞譎る俣蝨ｧ霑ｫ縺輔ｌ繧九％縺ｨ縺ｧ逕溘§繧狗坩閹壹・謳榊す縲・蜀・伐
https://www.okitell365.jp/column/02gyoumu.html,繧ｷ繝ｧ繝・け,,,,陦蝨ｧ縺悟､ｧ縺阪￥菴惹ｸ九＠縲∝・霄ｫ縺ｫ蜊∝・縺ｪ陦豬√′菫昴※縺ｪ縺上↑縺｣縺溽憾諷九・蜀・伐
https://www.okitell365.jp/column/02gyoumu.html,譁ｰ謔｣・医＠繧薙°繧難ｼ・,,,譁ｰ縺励＞謔｣閠・＆繧薙・縺薙→縲・蜀・伐
https://www.okitell365.jp/column/02gyoumu.html,逾樒ｵ碁屮逞・,,,繝代・繧ｭ繝ｳ繧ｽ繝ｳ逞・ｄALS縺ｪ縺ｩ縲∝次蝗荳肴・縺ｧ豐ｻ逋よｳ輔′譛ｪ遒ｺ遶九・逞・ｰ励・蜀・伐
https://www.okitell365.jp/column/02gyoumu.html,莠ｺ蟾･蜻ｼ蜷ｸ蝎ｨ・丞他蜷ｸ蝎ｨ・上Ξ繧ｹ繝・,,,莠ｺ蟾･逧・↓蜻ｼ蜷ｸ繧貞勧縺代ｋ讖滓｢ｰ縲・蜀・伐
https://www.okitell365.jp/column/02gyoumu.html,謖ｯ謌ｦ・医＠繧薙○繧難ｼ・,,,諢乗昴→縺ｯ辟｡髢｢菫ゅ↓菴薙・荳驛ｨ縺後・繧九∴繧九％縺ｨ縲・蜀・伐
https://www.okitell365.jp/column/02gyoumu.html,逵溽坩・医＠繧薙・・・,,,陦ｨ逧ｮ縺ｮ荳九↓縺ゅｋ閧後・譛ｬ菴薙・蜀・伐
https://www.okitell365.jp/column/02gyoumu.html,險ｺ逋よュ蝣ｱ謠蝉ｾ帶嶌・剰ｨｺ諠・ｼ医＠繧薙§繧・≧・・,,,蛹ｻ蟶ｫ縺御ｻ匁命險ｭ縺ｫ謔｣閠・ｒ邏ｹ莉九☆繧矩圀縺ｮ邏ｹ莉狗憾縲・蜀・伐
https://www.okitell365.jp/column/02gyoumu.html,險ｺ逋ょｱ驟ｬ,,,,蜈ｬ逧・現逋ゆｿ晞匱縺九ｉ蛹ｻ逋よｩ滄未縺ｫ謾ｯ謇輔ｏ繧後ｋ蝣ｱ驟ｬ縲・蜀・伐
https://www.okitell365.jp/column/02gyoumu.html,閻守仆・医§繧薙ｍ縺・ｼ・,,,閭御ｸｭ縺九ｉ閻手∮縺ｫ繝√Η繝ｼ繝悶ｒ蜈･繧後∝ｰｿ繧呈賜蜃ｺ縺吶ｋ縺薙→縲・蜀・伐
https://www.okitell365.jp/column/02gyoumu.html,繧ｹ繝・・繧ｸ・医′繧難ｼ・,,,縺後ｓ縺ｮ騾ｲ陦悟ｺｦ・・・・・峨よ焚蟄励′螟ｧ縺阪＞縺ｻ縺ｩ騾ｲ陦後＠縺ｦ縺・ｋ縲・蜀・伐
https://www.okitell365.jp/column/02gyoumu.html,繧ｹ繝医・・丈ｺｺ蟾･閧幃摩・丈ｺｺ蟾･閹閭ｱ,,,,閻ｹ驛ｨ縺ｫ騾險ｭ縺輔ｌ縺滉ｾｿ繧・ｰｿ縺ｮ蜃ｺ蜿｣縲ょ女縺代ｋ陲九・縲後ヱ繧ｦ繝√阪・蜀・伐
https://www.okitell365.jp/column/02gyoumu.html,貂・強・医○縺・＠縺搾ｼ・,,,菴薙ｒ諡ｭ縺・※豎壹ｌ繧定誠縺ｨ縺吶％縺ｨ縲・蜀・伐
https://www.okitell365.jp/column/02gyoumu.html,逕溽炊鬟溷｡ｩ豌ｴ・冗函鬟滂ｼ医○縺・＠繧・￥・・,,,菴捺ｶｲ縺ｨ蜷後§豬ｸ騾丞悸縺ｮ鬟溷｡ｩ豌ｴ縲・蜀・伐
https://www.okitell365.jp/column/02gyoumu.html,繧ｻ繧ｫ繝ｳ繝峨が繝斐ル繧ｪ繝ｳ,,,,荳ｻ豐ｻ蛹ｻ莉･螟悶・蛹ｻ蟶ｫ縺ｫ逞・憾繧・ｲｻ逋ゅ・諢剰ｦ九ｒ豎ゅａ繧九％縺ｨ縲・蜀・伐
https://www.okitell365.jp/column/02gyoumu.html,闊御ｸ矩権・医●縺｣縺九§繧・≧・・,,,闊後・荳九〒貅ｶ縺九＠縺ｦ諤･縺・〒蜷ｸ蜿弱＆縺帙ｋ阮ｬ縲・蜀・伐
https://www.okitell365.jp/column/02gyoumu.html,莉咎ｪｨ・医○繧薙％縺､・・,,,閭碁ｪｨ縺ｮ荳九↓縺ゅｋ鬪ｨ縲り､･逖｡縺後〒縺阪ｄ縺吶＞蝣ｴ謇縲・蜀・伐
https://www.okitell365.jp/column/02gyoumu.html,縺帙ｓ螯・ｼ医○繧薙ｂ縺・ｼ・,,,荳譎ら噪縺ｪ諢剰ｭ倬囿螳ｳ縲ょｹｻ隕壹ｄ莠ｺ譬ｼ螟牙喧縺瑚ｦ九ｉ繧後ｋ縺薙→繧ゅ≠繧九・蜀・伐
https://www.okitell365.jp/column/02gyoumu.html,繧ｽ繝ｼ繧ｷ繝｣繝ｫ繝ｯ繝ｼ繧ｫ繝ｼ・舟SW,,,,遉ｾ莨夂ｦ冗･峨・遶句ｴ縺九ｉ謾ｯ謠ｴ繧・ｪｿ謨ｴ繧定｡後≧蟆る摩閨ｷ縲・蜀・伐
https://www.okitell365.jp/column/02gyoumu.html,蛛ｴ閾･菴搾ｼ医◎縺上′縺・ｼ・,,,讓ｪ蜷代″縺ｫ蟇昴※縺・ｋ蟋ｿ蜍｢縲・蜀・伐
https://www.okitell365.jp/column/02gyoumu.html,繧ｿ繝ｼ繝溘リ繝ｫ,,,,菴吝多繧上★縺九↑迥ｶ諷具ｼ育ｵよ忰譛滂ｼ峨・蜀・伐
https://www.okitell365.jp/column/02gyoumu.html,繧ｿ繝ｼ繝溘リ繝ｫ繧ｱ繧｢,,,,譛譛溘∪縺ｧ遨上ｄ縺九↓驕弱＃縺帙ｋ繧医≧縺ｫ陦後≧邨よ忰譛溘・蛹ｻ逋ゅ・繧ｱ繧｢縲・蜀・伐
https://www.okitell365.jp/column/02gyoumu.html,菴謎ｽ榊､画鋤・丈ｽ謎ｺ､・医◆縺・％縺・ｼ・,,,閾ｪ蜉帙〒蜍輔￠縺ｪ縺・婿縺ｮ菴薙・蜷代″繧貞､峨∴繧九％縺ｨ縲・蜀・伐
https://www.okitell365.jp/column/02gyoumu.html,騾髯｢蜑阪き繝ｳ繝輔ぃ繝ｬ繝ｳ繧ｹ,,,,騾髯｢蠕後・蝨ｨ螳・凾鬢翫↓蛯吶∴縲∫羅髯｢縺ｨ蝨ｨ螳・・縺ｮ螟夊・遞ｮ縺碁寔縺ｾ繧倶ｼ夊ｭｰ縲・蜀・伐
https://www.okitell365.jp/column/02gyoumu.html,蟶ｯ迥ｶ逍ｱ逍ｹ・医◆縺・§繧・≧縺ｻ縺・＠繧難ｼ・,,,逾樒ｵ後↓豐ｿ縺｣縺ｦ蟶ｯ迥ｶ縺ｫ逞帙∩縺ｨ逋ｺ逍ｹ縺悟・繧狗羅豌励・蜀・伐
https://www.okitell365.jp/column/02gyoumu.html,螟ｧ閻ｿ鬪ｨ鬆夐Κ鬪ｨ謚・,,,雜ｳ縺ｮ莉倥￠譬ｹ縺ｫ霑代＞驛ｨ蛻・・鬪ｨ謚倥るｫ倬ｽ｢閠・・霆｢蛟偵〒螟壹＞縲・蜀・伐
https://www.okitell365.jp/column/02gyoumu.html,遶ｯ蝮蝉ｽ搾ｼ医◆繧薙＊縺・ｼ・,,,繝吶ャ繝峨・遶ｯ縺ｪ縺ｩ縺ｫ閻ｰ繧偵°縺代◆蟋ｿ蜍｢縲・蜀・伐
https://www.okitell365.jp/column/02gyoumu.html,蠑ｾ諤ｧ繧ｹ繝医ャ繧ｭ繝ｳ繧ｰ・丞ｼｾ繧ｹ繝・,,,雜ｳ繧貞悸霑ｫ縺励※陦豸ｲ縺ｮ貊樒蕗繧帝亟縺舌せ繝医ャ繧ｭ繝ｳ繧ｰ縲・蜀・伐
https://www.okitell365.jp/column/02gyoumu.html,繝√い繝弱・繧ｼ,,,,驟ｸ邏荳崎ｶｳ縺ｫ繧医ｊ逧ｮ閹壹ｄ邊倩・縺梧囓邏ｫ濶ｲ縺ｫ縺ｪ繧九％縺ｨ縲・蜀・伐
https://www.okitell365.jp/column/02gyoumu.html,蝨ｰ蝓溷現逋る｣謳ｺ螳､,,,,逞・劼蜀・〒蜈･髯｢繝ｻ騾髯｢謾ｯ謠ｴ繧・慍蝓滄｣謳ｺ繧呈球蠖薙☆繧矩Κ鄂ｲ縲・蜀・伐
https://www.okitell365.jp/column/02gyoumu.html,荳ｭ蠢・撕閼域・､奇ｼ終VH・週PN,,,,荳ｭ蠢・撕閼医°繧蛾ｫ倥き繝ｭ繝ｪ繝ｼ縺ｮ霈ｸ豸ｲ繧堤せ貊ｴ縺吶ｋ譬・､頑婿豕輔・蜀・伐
https://www.okitell365.jp/column/02gyoumu.html,髟ｷ蝮蝉ｽ搾ｼ医■繧・≧縺悶＞・・,,,荳｡雜ｳ繧剃ｼｸ縺ｰ縺励◆迥ｶ諷九〒蠎ｧ繧句ｧｿ蜍｢縲・蜀・伐
https://www.okitell365.jp/column/02gyoumu.html,騾壽園莉玖ｭｷ・上ョ繧､繧ｵ繝ｼ繝薙せ,,,,譁ｽ險ｭ縺ｫ騾壹▲縺ｦ莉玖ｭｷ繧ｵ繝ｼ繝薙せ繧貞女縺代ｋ縺薙→縲・蜀・伐
https://www.okitell365.jp/column/02gyoumu.html,騾壽園繝ｪ繝上ン繝ｪ繝・・繧ｷ繝ｧ繝ｳ・上ョ繧､繧ｱ繧｢,,,,譁ｽ險ｭ縺ｫ騾壹▲縺ｦ讖溯・險鍋ｷｴ繧貞女縺代ｋ縺薙→縲・蜀・伐
https://www.okitell365.jp/column/02gyoumu.html,繝・Ν繧ｴ繝ｼ繝ｫ蜿榊ｿ・,,,閼ｱ豌ｴ迥ｶ諷九ｒ蛻､譁ｭ縺吶ｋ縺溘ａ縺ｮ縲∵焔縺ｮ逕ｲ縺ｮ逧ｮ閹壹・蠑ｾ蜉帶ｧ蜿榊ｿ懊・蜀・伐
https://www.okitell365.jp/column/02gyoumu.html,螳壽凾阮ｬ,,,,豎ｺ縺ｾ縺｣縺滓凾髢薙↓螳壽悄逧・↓譛咲畑縺吶ｋ阮ｬ縲・蜀・伐
https://www.okitell365.jp/column/02gyoumu.html,繝・ぎ繝繝ｼ繝邃｢,,,,騾乗・縺ｪ蛹ｻ逋ら畑蛹・ｸｯ・医ヵ繧｣繝ｫ繝譚撰ｼ峨・蜀・伐
https://www.okitell365.jp/column/02gyoumu.html,繝・せ繝・・繝・,,,蟆ｿ讀懈渊縺ｧ菴ｿ縺・ｩｦ鬨鍋ｴ吶・蜀・伐
https://www.okitell365.jp/column/02gyoumu.html,繝・Η繧ｪ繧｢繧ｯ繝・ぅ繝鳴ｮ,,,,蛯ｷ繧剃ｿ晁ｭｷ縺怜屓蠕ｩ繧剃ｿ・☆陲ｫ閹懈攝縲・蜀・伐
https://www.okitell365.jp/column/02gyoumu.html,逍ｼ逞幢ｼ医→縺・▽縺・ｼ・,,,逞帙∩縺ｮ縺薙→縲・蜀・伐
https://www.okitell365.jp/column/02gyoumu.html,蜍戊ц陦驟ｸ邏鬟ｽ蜥悟ｺｦ・輯pO2・輯AT,,,,陦豸ｲ荳ｭ縺ｮ驟ｸ邏繝ｬ繝吶Ν・磯壼ｸｸ97・・00・・ｼ峨・蜀・伐
https://www.okitell365.jp/column/02gyoumu.html,繝代Ν繧ｹ繧ｪ繧ｭ繧ｷ繝｡繝ｼ繧ｿ繝ｼ,,,,蜍戊ц陦驟ｸ邏鬟ｽ蜥悟ｺｦ繧呈ｸｬ螳壹☆繧区ｩ溷勣縲・蜀・伐
https://www.okitell365.jp/column/02gyoumu.html,迚ｹ蛻･險ｪ蝠冗恚隴ｷ謖・､ｺ譖ｸ・冗音謖・､ｺ,,,,迥ｶ諷区が蛹匁凾縺ｫ鬆ｻ郢√↑險ｪ蝠冗恚隴ｷ繧呈欠遉ｺ縺吶ｋ譖ｸ鬘槭・蜀・伐
https://www.okitell365.jp/column/02gyoumu.html,蜷占｡・医→縺代▽・・,,,蜿｣縺九ｉ陦豸ｲ繧貞瑞縺上％縺ｨ縲・蜀・伐
https://www.okitell365.jp/column/02gyoumu.html,繝峨Ξ繝・す繝ｳ繧ｰ譚・,,,蛯ｷ繧・､･逖｡繧剃ｿ晁ｭｷ縺怜屓蠕ｩ繧剃ｿ・☆陲ｫ閹懈攝縺ｮ邱冗ｧｰ縲・蜀・伐
https://www.okitell365.jp/column/02gyoumu.html,鬆捺恪阮ｬ・医→繧薙・縺上ｄ縺擾ｼ会ｼ城鍋畑,,,,逋ｺ菴懈凾縺ｪ縺ｩ縲∫裸迥ｶ縺後≠繧区凾縺縺第恪逕ｨ縺吶ｋ阮ｬ縲・蜀・伐
https://www.okitell365.jp/column/02gyoumu.html,閧芽歓・医↓縺上￡・・,,,蛯ｷ縺梧ｲｻ繧矩℃遞九〒縺ｧ縺阪ｋ縲∬ｵ､縺上ｄ繧上ｉ縺九＞邨・ｹ斐・蜀・伐
https://www.okitell365.jp/column/02gyoumu.html,蟆ｿ驕鍋蕗鄂ｮ繧ｫ繝・・繝・Ν・丞ｰｿ繧ｫ繝・ｼ上ヰ繝ｫ繝ｼ繝ｳ,,,,蟆ｿ繧呈賜蜃ｺ縺吶ｋ縺溘ａ縺ｫ蟆ｿ驕薙°繧芽・閭ｱ縺ｫ蜈･繧後ｋ邂｡縲・蜀・伐
https://www.okitell365.jp/column/02gyoumu.html,繝阪ヶ繝ｩ繧､繧ｶ繝ｼ・上ロ繝・,,,豸ｲ菴薙・阮ｬ繧帝悸迥ｶ縺ｫ縺励※蜷ｸ蜈･縺吶ｋ縺溘ａ縺ｮ蝎ｨ蜈ｷ縲・蜀・伐
https://www.okitell365.jp/column/02gyoumu.html,謐ｻ鬮ｪ髻ｳ・医・繧薙・縺､縺翫ｓ・・,,,閧ｺ縺九ｉ閨槭％縺医ｋ縲後ヱ繝√ヱ繝√阪→縺・≧逡ｰ蟶ｸ縺ｪ蜻ｼ蜷ｸ髻ｳ縲・蜀・伐
https://www.okitell365.jp/column/02gyoumu.html,閧ｺ髮鷹浹・医・縺・＊縺､縺翫ｓ・会ｼ剰ぜ髮・,,,閧ｺ繧定・蜿悶＠縺滄圀縺ｮ逡ｰ蟶ｸ髻ｳ・亥憶髮鷹浹・峨・蜀・伐
https://www.okitell365.jp/column/02gyoumu.html,驟埼｣溘し繝ｼ繝薙せ,,,,鬮倬ｽ｢閠・↑縺ｩ縺ｫ鬟滉ｺ九ｒ閾ｪ螳・∪縺ｧ螻翫￠繧九し繝ｼ繝薙せ縲・蜀・伐
https://www.okitell365.jp/column/02gyoumu.html,繝舌う繧ｿ繝ｫ繧ｵ繧､繝ｳ・上ヰ繧､繧ｿ繝ｫ,,,,閼域牛縲∝他蜷ｸ縲∽ｽ捺ｸｩ縲∬｡蝨ｧ縲∵э隴倥Ξ繝吶Ν縺ｪ縺ｩ縺ｮ逕溷多蜈・吶・蜀・伐
https://www.okitell365.jp/column/02gyoumu.html,繝上う繝峨Ο繧ｵ繧､繝遺┐,,,,蛯ｷ繧剃ｿ晁ｭｷ縺吶ｋ縺溘ａ縺ｮ繝峨Ξ繝・す繝ｳ繧ｰ譚舌・荳遞ｮ縲・蜀・伐
https://www.okitell365.jp/column/02gyoumu.html,蟒・畑逞・咏ｾ､,,,,蜍輔°縺ｪ縺・％縺ｨ縺ｧ霄ｫ菴捺ｩ溯・縺瑚｡ｰ縺医※縺励∪縺・％縺ｨ縲・蜀・伐
https://www.okitell365.jp/column/02gyoumu.html,縺ｰ縺ｭ謖・,,,謖・ｒ譖ｲ縺剃ｼｸ縺ｰ縺励☆繧矩圀縺ｫ逞帙∩繧・ｼ輔▲縺九°繧翫′蜃ｺ繧玖・髷倡ｎ縲・蜀・伐
https://www.okitell365.jp/column/02gyoumu.html,逧ｮ荳区ｳｨ・医・縺九■繧・≧・・,,,逧ｮ荳区ｳｨ蟆・・逡･縲・蜀・伐
https://www.okitell365.jp/column/02gyoumu.html,鮠ｻ豎・ｼ医・縺倥ｅ縺・ｼ・,,,鮠ｻ豌ｴ縺ｮ縺薙→縲・蜀・伐
https://www.okitell365.jp/column/02gyoumu.html,閻ｹ閾･菴搾ｼ医・縺上′縺・ｼ・,,,縺・▽縺ｶ縺帙・蟋ｿ蜍｢縲・蜀・伐
https://www.okitell365.jp/column/02gyoumu.html,遖冗･臥畑蜈ｷ,,,,霆翫＞縺吶ｄ莉玖ｭｷ繝吶ャ繝峨↑縺ｩ縲∫函豢ｻ繧偵し繝昴・繝医☆繧狗畑蜈ｷ縲・蜀・伐
https://www.okitell365.jp/column/02gyoumu.html,閻ｹ豌ｴ・医・縺上☆縺・ｼ・,,,縺翫↑縺九↓豌ｴ縺後◆縺ｾ縺｣縺溽憾諷九・蜀・伐
https://www.okitell365.jp/column/02gyoumu.html,豬ｮ閻ｫ・医・縺励ｅ・・,,,繧縺上∩縺ｮ縺薙→縲・蜀・伐
https://www.okitell365.jp/column/02gyoumu.html,雋諡・・分蜿ｷ,,,,蛹ｻ逋りｨｼ縺ｫ縺ゅｋ8繧ｱ繧ｿ縺ｮ蜈ｬ雋ｻ雋諡・音螳夂畑逡ｪ蜿ｷ縲・蜀・伐
https://www.okitell365.jp/column/02gyoumu.html,繝輔Ξ繝ｳ繝・ｼ・r・・,,,繝√Η繝ｼ繝悶ｄ繧ｫ繝・・繝・Ν縺ｮ螟ｪ縺輔ｒ陦ｨ縺吝腰菴阪・蜀・伐
https://www.okitell365.jp/column/02gyoumu.html,陷らｪｩ郢皮ｎ・医⊇縺・°縺励″縺医ｓ・・,,,逧ｮ閹壹・荳九・邨・ｹ斐↓襍ｷ縺薙ｋ邏ｰ闖梧─譟鍋裸縲・蜀・伐
https://www.okitell365.jp/column/02gyoumu.html,閹閭ｱ豢玲ｵ・ｼ剰・豢暦ｼ医⊂縺・○繧難ｼ・,,,繧ｫ繝・・繝・Ν縺ｧ閹閭ｱ蜀・ｒ豢励≧縺薙→縲・蜀・伐
https://www.okitell365.jp/column/02gyoumu.html,謾ｾ蟆・ｷ夂凾豕・,,,謾ｾ蟆・ｷ壹ｒ辣ｧ蟆・＠縺ｦ縺後ｓ繧呈ｲｻ逋ゅ☆繧区婿豕輔・蜀・伐
https://www.okitell365.jp/column/02gyoumu.html,險ｪ蝠丞・豬ｴ莉玖ｭｷ,,,,閾ｪ螳・↓豬ｴ讒ｽ繧呈戟蜿ゅ＠縺ｦ蜈･豬ｴ繧剃ｻ句勧縺吶ｋ繧ｵ繝ｼ繝薙せ縲・蜀・伐
https://www.okitell365.jp/column/02gyoumu.html,險ｪ蝠剰脈蜑､謖・ｰ・,,,阮ｬ蜑､蟶ｫ縺瑚・螳・ｒ險ｪ蝠上＠阮ｬ縺ｮ隱ｬ譏弱ｄ邂｡逅・ｒ陦後≧縺薙→縲・蜀・伐
https://www.okitell365.jp/column/02gyoumu.html,繝昴・繝茨ｼ修V繝昴・繝・,,,轤ｹ貊ｴ縺ｮ縺溘ａ縺ｫ逧ｮ荳九↓蝓九ａ霎ｼ縺ｾ繧後◆蟆上＆縺ｪ蛹ｻ逋ょ勣蜈ｷ縲・蜀・伐
https://www.okitell365.jp/column/02gyoumu.html,繝槭う繧ｯ繝ｭ繧ｰ繝ｩ繝・医詩・・,,,驥阪＆縺ｮ蜊倅ｽ搾ｼ・緕・0.001mg・峨・蜀・伐
https://www.okitell365.jp/column/02gyoumu.html,蛹ｻ逋ら畑鮗ｻ阮ｬ,,,,縺後ｓ縺ｪ縺ｩ縺ｮ蠑ｷ縺・李縺ｿ繧貞柱繧峨￡繧九◆繧√↓菴ｿ縺・脈縲・蜀・伐
https://www.okitell365.jp/column/02gyoumu.html,繝槭Ν蟄撰ｼ医∪繧九％・・,,,鄒ｩ蜍呎蕗閧ｲ蟆ｱ蟄ｦ蜈仙現逋りｲｻ蜉ｩ謌仙宛蠎ｦ縲・蜀・伐
https://www.okitell365.jp/column/02gyoumu.html,繝槭Ν髫懶ｼ医∪繧九＠繧・≧・・,,,蠢・ｺｫ髫懷ｮｳ閠・現逋りｲｻ蜉ｩ謌舌・蜀・伐
https://www.okitell365.jp/column/02gyoumu.html,繝槭Ν驛ｽ・医∪繧九→・・,,,譚ｱ莠ｬ驛ｽ迢ｬ閾ｪ縺ｮ髮｣逞・ｭ峨・蛹ｻ逋りｲｻ蜉ｩ謌仙宛蠎ｦ縲・蜀・伐
https://www.okitell365.jp/column/02gyoumu.html,繝槭Ν遖擾ｼ医∪繧九・縺擾ｼ・,,,蟆丞・繧・㍾蠎ｦ蠢・ｺｫ髫懷ｮｳ閠・↑縺ｩ繧貞ｯｾ雎｡縺ｨ縺励◆蛹ｻ逋らｦ冗･芽ｲｻ謾ｯ邨ｦ蛻ｶ蠎ｦ縲・蜀・伐
https://www.okitell365.jp/column/02gyoumu.html,逵句叙繧奇ｼ医∩縺ｨ繧奇ｼ・,,,閾ｪ辟ｶ縺ｫ莠｡縺上↑繧九∪縺ｧ縺ｮ驕守ｨ九ｒ辟｡逅・↑蟒ｶ蜻ｽ繧偵○縺夊ｦ句ｮ医ｋ縺薙→縲・蜀・伐
https://www.okitell365.jp/column/02gyoumu.html,繝｡繧ｿ,,,,縺後ｓ縺ｮ縲瑚ｻ｢遘ｻ縲阪ｒ諢丞袖縺吶ｋ蛹ｻ逋ら畑隱槭・蜀・伐
https://www.okitell365.jp/column/02gyoumu.html,蜆ｪ閧檎ｵ・ｮ・医ｆ縺・″縺ｰ繧難ｼ・,,,閧後↓繧・＆縺励＞菴主絢豼縺ｮ蛹ｻ逋ら畑繝・・繝励・蜀・伐
https://www.okitell365.jp/column/02gyoumu.html,霈ｸ豸ｲ・医ｆ縺医″・・,,,豌ｴ蛻・ｄ髮ｻ隗｣雉ｪ繧堤せ貊ｴ縺ｧ謚穂ｸ弱☆繧区ｲｻ逋ゅ・蜀・伐
https://www.okitell365.jp/column/02gyoumu.html,鄙ｼ迥ｶ驥晢ｼ医ｈ縺上§繧・≧縺励ｓ・会ｼ上ヨ繝ｳ繝憺・,,,,鄙ｼ縺ｮ繧医≧縺ｪ繝励Λ繧ｹ繝√ャ繧ｯ縺後▽縺・◆轤ｹ貊ｴ繝ｻ謗｡陦逕ｨ縺ｮ驥昴・蜀・伐
https://www.okitell365.jp/column/02gyoumu.html,繝ｩ繝懊ョ繝ｼ繧ｿ,,,,陦豸ｲ讀懈渊繧・ｰｿ讀懈渊縺ｪ縺ｩ縺ｮ讀懈渊邨先棡縲・蜀・伐
https://www.okitell365.jp/column/02gyoumu.html,繝ｬ繧ｹ繝代う繝・,,,莉玖ｭｷ閠・・雋諡・ｻｽ貂帙・縺溘ａ縺ｫ荳譎ら噪縺ｫ譁ｽ險ｭ縺ｸ鬆舌￠繧九％縺ｨ縲・蜀・伐
https://www.okitell365.jp/column/02gyoumu.html,繝ｬ繧ｻ繝励ヨ・上Ξ繧ｻ,,,,菫晞匱閠・↓謠仙・縺吶ｋ譛医＃縺ｨ縺ｮ險ｺ逋ょｱ驟ｬ譏守ｴｰ譖ｸ縲・蜀・伐
https://www.okitell365.jp/column/02gyoumu.html,ADL,,,,譌･蟶ｸ逕滓ｴｻ蜍穂ｽ懶ｼ磯｣滉ｺ九∝・豬ｴ縲∫ｧｻ蜍輔↑縺ｩ・峨・蜀・伐
https://www.okitell365.jp/column/02gyoumu.html,ALS,,,,遲玖錘邵ｮ諤ｧ蛛ｴ邏｢遑ｬ蛹也裸縲らｭ玖ｉ縺瑚｡ｰ縺医※縺・￥逞・ｰ励・蜀・伐
https://www.okitell365.jp/column/02gyoumu.html,CPR,,,,蠢・ぜ陂・函豕輔・蜀・伐
https://www.okitell365.jp/column/02gyoumu.html,IC,,,,繧､繝ｳ繝輔か繝ｼ繝繝峨さ繝ｳ繧ｻ繝ｳ繝茨ｼ郁ｪｬ譏弱→蜷梧э・峨・蜀・伐
https://www.okitell365.jp/column/02gyoumu.html,MSW,,,,蛹ｻ逋ゅた繝ｼ繧ｷ繝｣繝ｫ繝ｯ繝ｼ繧ｫ繝ｼ縲・蜀・伐
https://www.okitell365.jp/column/02gyoumu.html,OT,,,,菴懈･ｭ逋よｳ募｣ｫ・医Μ繝上ン繝ｪ蟆る摩閨ｷ・峨・蜀・伐
https://www.okitell365.jp/column/02gyoumu.html,PT,,,,逅・ｭｦ逋よｳ募｣ｫ・医Μ繝上ン繝ｪ蟆る摩閨ｷ・峨・蜀・伐
https://www.okitell365.jp/column/02gyoumu.html,ST,,,,險隱櫁・隕壼｣ｫ・郁ｩｱ縺吶・閨槭￥繝ｻ鬟溘∋繧九Μ繝上ン繝ｪ蟆る摩閨ｷ・峨・蜀・伐
https://www.okitell365.jp/column/02gyoumu.html,PCA繝昴Φ繝・,,,謔｣閠・・霄ｫ縺檎李縺・凾縺ｫ繝懊ち繝ｳ縺ｧ骼ｮ逞幄脈繧呈兜荳弱〒縺阪ｋ讖滓｢ｰ縲・蜀・伐
,,,,,,蜀・伐
,,,,,,蜀・伐
,,,,,,蜀・伐
,,,,,,蜀・伐
,,,,,,蜀・伐
,,,,,,蜀・伐
,,,,,,蜀・伐
,,,,,,蜀・伐
,,,,,,蜀・伐
,,,,,,蜀・伐
,,,,,,蜀・伐
,,,,,,蜀・伐
,,,,,,蜀・伐
,,,,,,蜀・伐
,,,,,,蜀・伐
,,,,,,蜀・伐
